Name|Phone|Review Count|Foody Link|Category|District|City
Tian Cha Milk Tea|(08)73020606|17|https://www.foody.vn/ho-chi-minh/tian-cha-milk-tea|Café/Dessert|Quận 1|TP. HCM
Gâteaux Deli - Coffee & Cake||5|https://www.foody.vn/ho-chi-minh/gateaux-deli-coffee-cake|Café/Dessert|Quận 3|TP. HCM
Meet Fresh - Ngô Đức Kế|1900588899(ưutiên), 0902856139|313|https://www.foody.vn/ho-chi-minh/meet-fresh-vietnam-ngo-duc-ke|Café/Dessert|Quận 1|TP. HCM
Ngõ 8 - Trà Chanh & Lẩu Riêu Cua Đồng - Trương Định|01224222229|267|https://www.foody.vn/ho-chi-minh/ngo-8-tra-chanh-lau-rieu-cua-dong-truong-dinh|Quán ăn|Quận 3|TP. HCM
Mệ Vui 1 - Cơm Gà Hội An|(08)66732193|36|https://www.foody.vn/ho-chi-minh/me-vui-1-com-ga-hoi-an|Quán ăn|Quận 3|TP. HCM
SaSin - Mì Cay 7 Cấp Độ Hàn Quốc - Đường 17A||2|https://www.foody.vn/ho-chi-minh/sasin-mi-cay-7-cap-do-han-quoc-duong-17a|Quán ăn|Quận Bình Tân|TP. HCM
Food House Restaurant - Nam Kỳ Khởi Nghĩa|(08)66822784|131|https://www.foody.vn/ho-chi-minh/foodhouse171-nam-ky-khoi-nghia|Nhà hàng,|Quận 3|TP. HCM
Ryoyu Bakery - Vincom Mega Mall Thảo Điền|(08)36202422|6|https://www.foody.vn/ho-chi-minh/ryoyu-bakery-vincom-mega-mall-thao-dien|Tiệm bánh|Quận 2|TP. HCM
Gâteaux Deli - Coffee & Cake|0902770899|5|https://www.foody.vn/ho-chi-minh/gateaux-deli-coffee-cake|Café/Dessert|Quận 3|TP. HCM
Little Something - Dessert & Ice Cream - Hồ Tùng Mậu|01207633819|159|https://www.foody.vn/ho-chi-minh/little-something-dessert-kem|Café/Dessert|Quận 1|TP. HCM
Highlands Coffee - Maximark Cộng Hòa|(08)38116225|7|https://www.foody.vn/ho-chi-minh/highlands-coffee-maximark-cong-hoa|Café/Dessert|Quận Tân Bình|TP. HCM
Cộng Caphe - Lý Tự Trọng|0911811165|95|https://www.foody.vn/ho-chi-minh/cong-ca-phe-saigon-ly-tu-trong|Café/Dessert|Quận 1|TP. HCM
Thie Macaron Bakery|0933732497|7|https://www.foody.vn/ho-chi-minh/thie-macaron-bakery|Shop Online|Quận Phú Nhuận|TP. HCM
Masamune Ramen & Bar|(028)38238755|4|https://www.foody.vn/ho-chi-minh/masamune-ramen-bar|Nhà hàng|Quận 1|TP. HCM
Lẩu Nấm Chay Phước Duyên|0938191457|5|https://www.foody.vn/ho-chi-minh/lau-nam-chay-phuoc-duyen|Ăn chay|Quận 5|TP. HCM
Fly Cupcake Garden - Tú Xương|(08)39322299|409|https://www.foody.vn/ho-chi-minh/fly-cupcake-tu-xuong|Café/Dessert,|Quận 3|TP. HCM
Phúc Long Coffee & Tea House - Lý Tự Trọng|(08)38220166|551|https://www.foody.vn/ho-chi-minh/phuc-long-coffee-tea-house-ly-tu-trong|Café/Dessert|Quận 1|TP. HCM
Quán Ăn Gia Đình Tía Ơi|0906277939|35|https://www.foody.vn/ho-chi-minh/quan-tia-oi-coffee-diem-tam-com-van-phong|Café/Dessert|Quận 11|TP. HCM
The 1985 Cafe - Trà & Bánh|0936215752|468|https://www.foody.vn/ho-chi-minh/the-1985-cafe-pham-viet-chanh|Café/Dessert|Quận 1|TP. HCM
SaSin - Mì Cay 7 Cấp Độ Hàn Quốc - Đường 17A|0902399078|2|https://www.foody.vn/ho-chi-minh/sasin-mi-cay-7-cap-do-han-quoc-duong-17a|Quán ăn|Quận Bình Tân|TP. HCM
Ếch Ngon - Âu Cơ|0933333324|23|https://www.foody.vn/ho-chi-minh/ech-ngon-au-co|Quán ăn|Quận 11|TP. HCM
Ryoyu Bakery - Vincom Mega Mall Thảo Điền||6|https://www.foody.vn/ho-chi-minh/ryoyu-bakery-vincom-mega-mall-thao-dien|Tiệm bánh|Quận 2|TP. HCM
Quán Rượu Cung Đình|0909736865|114|https://www.foody.vn/ho-chi-minh/quan-ruou-cung-dinh|Nhà hàng,|Quận 7|TP. HCM
Namy Besu - Bia Sữa Namy - Đặng Văn Bi|0909029758|8|https://www.foody.vn/ho-chi-minh/namy-besu-bia-sua-namy-dang-van-bi|Café/Dessert|Quận Thủ Đức|TP. HCM
Hoa Đăng - Nhà Hàng Chay Loving Hut|(08)38209702|94|https://www.foody.vn/ho-chi-minh/hoa-dang-nha-hang-chay-loving-hut|Nhà hàng|Quận 1|TP. HCM
Jin Jin - Pasta House - TTTM Takashimaya|01203567709|11|https://www.foody.vn/ho-chi-minh/jin-jin-pasta-house-takashimaya-vietnam|Nhà hàng|Quận 1|TP. HCM
Only Tea - Trà Đào Dầm - Hồ Thị Kỷ|0903683677|1|https://www.foody.vn/ho-chi-minh/only-tea-tra-dao-dam-ho-thi-ky|Café/Dessert|Quận 10|TP. HCM
Hằng Tiramisu - Út Tịch|0964113677|23|https://www.foody.vn/ho-chi-minh/hang-tiramisu-ut-tich|Tiệm bánh|Quận Tân Bình|TP. HCM
Caztus Coffee - Võ Thị Sáu||341|https://www.foody.vn/ho-chi-minh/caztus-coffee-vo-thi-sau|Café/Dessert|Quận 1|TP. HCM
ZUZU Milk Tea|(028)38213831|13|https://www.foody.vn/ho-chi-minh/zuzu-milk-tea|Café/Dessert|Quận 1|TP. HCM
Oven Maru Chicken - Ẩm Thực Hàn Quốc||253|https://www.foody.vn/ho-chi-minh/oven-maru-chicken-am-thuc-han-quoc|Nhà hàng|Quận 1|TP. HCM
The First - Steakhouse & Cafe - Nguyễn Văn Giai|0966352926|112|https://www.foody.vn/ho-chi-minh/the-first-restaurant-cafe|Nhà hàng|Quận 1|TP. HCM
Gà Rán Popeyes - Bưu Điện Thành Phố|(08)38256986, 19006008|250|https://www.foody.vn/ho-chi-minh/ga-ran-popeyes-buu-dien-thanh-pho|Nhà hàng|Quận 1|TP. HCM
Domino's Pizza - Kha Vạn Cân|19006099|32|https://www.foody.vn/ho-chi-minh/domino-s-pizza-kha-van-can|Nhà hàng|Quận Thủ Đức|TP. HCM
Lẩu Tôm Ađ|01234558678, 0918478848|29|https://www.foody.vn/ho-chi-minh/lau-tom-ad|Quán ăn|Quận 5|TP. HCM
Ban Mai - Trà Sữa Nhà Làm - Cách Mạng Tháng 8|01234333997|10|https://www.foody.vn/ho-chi-minh/ban-mai-tra-sua-nha-lam-cach-mang-thang-8|Café/Dessert|Quận Tân Bình|TP. HCM
Yuna Alaska Coffee|0909898730|6|https://www.foody.vn/ho-chi-minh/yuna-alaska-coffee|Café/Dessert|Quận Bình Thạnh|TP. HCM
Kimbap Hoàng Tử|0938151693, 0938613928|181|https://www.foody.vn/ho-chi-minh/kimbap-hoang-tu|Quán ăn|Quận Tân Bình|TP. HCM
Tư Xê - Bún Num Bò Chóc|(08)38357049|9|https://www.foody.vn/ho-chi-minh/tu-xe-bun-num-bo-choc|Quán ăn|Quận 10|TP. HCM
Khang Dim Sum Bar|(08)38384838, (08)38384555, 0938118888|64|https://www.foody.vn/ho-chi-minh/khang-dim-sum-bar|Nhà hàng|Quận 5|TP. HCM
Súp Cua - Nguyễn Gia Thiều||1|https://www.foody.vn/ho-chi-minh/sup-cua-nguyen-gia-thieu|Ăn vặt/vỉa hè|Quận 3|TP. HCM
Cơm Trộn 2 Cô - Lê Văn Sỹ|0903977133, 0909844804|187|https://www.foody.vn/ho-chi-minh/com-tron-2-co-le-van-sy|Quán ăn|Quận Tân Bình|TP. HCM
Chè Tường Phong||136|https://www.foody.vn/ho-chi-minh/tuong-phong|Quán ăn|Quận 5|TP. HCM
The Fiction Coffee||1|https://www.foody.vn/ho-chi-minh/the-fiction-coffee|Café/Dessert|Quận Tân Bình|TP. HCM
Chang Kang Kung - Hải Sản Khói - Crescent Mall|19008084|2|https://www.foody.vn/ho-chi-minh/chang-kang-kung-hai-san-khoi-crescent-mall|Nhà hàng|Quận 7|TP. HCM
Bánh Canh 60' - Nguyễn Phi Khanh||8|https://www.foody.vn/ho-chi-minh/banh-canh-60|Quán ăn|Quận 1|TP. HCM
Bready Beefsteak Bánh Mì Tươi - Bà Huyện Thanh Quan|(08)39306792|121|https://www.foody.vn/ho-chi-minh/banh-mi-tuoi-bready-vo-van-tan|Quán ăn|Quận 3|TP. HCM
Quán Ăn Ngọc Nga - Các Món Canh Bún|0939142389|15|https://www.foody.vn/ho-chi-minh/ngoc-nga-canh-bun-bun-rieu|Quán ăn|Quận Tân Bình|TP. HCM
Góc Cafe||1|https://www.foody.vn/ho-chi-minh/goc-cafe-duong-so-7|Café/Dessert|Quận Thủ Đức|TP. HCM
Mom's Touch Chicken & Burgers||81|https://www.foody.vn/ho-chi-minh/mom-s-touch-chicken-burgers|Nhà hàng|Quận 4|TP. HCM
Kim Dung Cafe||1|https://www.foody.vn/ho-chi-minh/kim-dung-cafe|Café/Dessert|Quận Gò Vấp|TP. HCM
Baozi - Ẩm Thực Đài Loan||283|https://www.foody.vn/ho-chi-minh/baozi-nha-hang-dai-loan|Nhà hàng|Quận 1|TP. HCM
Bún Đậu Amy||1|https://www.foody.vn/ho-chi-minh/bun-dau-amy|Quán ăn|Quận 10|TP. HCM
Don Chicken - Chicken & Pub - Hoa Lan||59|https://www.foody.vn/ho-chi-minh/don-chicken-chicken-pub-hoa-lan|Nhà hàng|Quận Phú Nhuận|TP. HCM
Beefsteak Hai Con Bò - Nguyễn Cư Trinh|(08)66590909|263|https://www.foody.vn/ho-chi-minh/hai-con-bo-nguyen-cu-trinh|Nhà hàng|Quận 1|TP. HCM
Hàu Ký 253||2|https://www.foody.vn/ho-chi-minh/hau-ky-253|Ăn vặt/vỉa hè|Quận Gò Vấp|TP. HCM
Chicken Oppa - Gà Chiên Đại Ca - Hậu Giang|(08)39600829|20|https://www.foody.vn/ho-chi-minh/chicken-oppa-ga-chien-dai-ca-hau-giang|Quán ăn|Quận 6|TP. HCM
Chí Nghĩa - Minh Phụng||1|https://www.foody.vn/ho-chi-minh/chi-nghia-minh-phung|Café/Dessert|Quận 11|TP. HCM
Chảo Restaurant - Bánh Mì Chảo||420|https://www.foody.vn/ho-chi-minh/chao-restaurant|Nhà hàng|Quận 3|TP. HCM
Lẩu Dê Trương Định|(08)39304296|113|https://www.foody.vn/ho-chi-minh/lau-de-truong-dinh|Quán ăn|Quận 3|TP. HCM
Bachutha - Bánh Chuối Thái - Điện Biên Phủ|0909872926(nóirõchinhánhlấyhàng)|2|https://www.foody.vn/ho-chi-minh/bachutha-banh-chuoi-thai-dien-bien-phu|Ăn vặt/vỉa hè|Quận Bình Thạnh|TP. HCM
Topping Beef - Steakhouse|0944565557|368|https://www.foody.vn/ho-chi-minh/topping-beef-make-it-your-way|Nhà hàng|Quận 3|TP. HCM
Bánh Handmade Thoa Múp|0935183122|19|https://www.foody.vn/ho-chi-minh/banh-handmade-thoa-mup|Shop Online|Quận Bình Tân|TP. HCM
Mộc Cafe - Nguyễn Đình Chiểu|0932991101|55|https://www.foody.vn/ho-chi-minh/moc-cafe-nguyen-dinh-chieu|Café/Dessert|Quận 3|TP. HCM
King BBQ Buffet Cao Thắng|(08)39295299|154|https://www.foody.vn/ho-chi-minh/king-bbq-buffet-cao-thang|Buffet|Quận 3|TP. HCM
Quán Lẩu Dê 304||29|https://www.foody.vn/ho-chi-minh/lau-de-304|Quán ăn|Quận Tân Bình|TP. HCM
Kammui - Trà Muk||3|https://www.foody.vn/ho-chi-minh/kammui-tra-muk|Café/Dessert|Quận 5|TP. HCM
Lẩu Dê Thuận Phát|0938967577|7|https://www.foody.vn/ho-chi-minh/lau-de-thuan-phat|Quán nhậu|Quận 6|TP. HCM
Buzza Pizza - Emart||224|https://www.foody.vn/ho-chi-minh/buzza-pizza-e-mart-go-vap|Nhà hàng|Quận Gò Vấp|TP. HCM
Gogi House - Quán Nướng Hàn Quốc - Lotte Mart Gò Vấp|19006622|23|https://www.foody.vn/ho-chi-minh/gogi-house-quan-nuong-han-quoc-lotte-mart-go-vap|Nhà hàng|Quận Gò Vấp|TP. HCM
Thế Giới Tàu Hũ - Trần Hưng Đạo|0989097837, 0936097837|223|https://www.foody.vn/ho-chi-minh/the-gioi-tau-hu|Ăn vặt/vỉa hè|Quận 1|TP. HCM
Ốc Sóc|0906100777|5|https://www.foody.vn/ho-chi-minh/oc-soc|Ăn vặt/vỉa hè,|Quận 4|TP. HCM
Ăn Vặt Ngon Ngon - Shop Online|0902329590|1|https://www.foody.vn/ho-chi-minh/an-vat-ngon-ngon-shop-online|Shop Online|Quận Thủ Đức|TP. HCM
Quán Chà Bá - Mực Chiên & Bò Viên|01217900388, 0938559765|16|https://www.foody.vn/ho-chi-minh/quan-cha-ba-muc-chien-bo-vien|Ăn vặt/vỉa hè|Quận 6|TP. HCM
Bánh Mì Thùy Dương - Bình Tiên|0909126582, 0909715658|1|https://www.foody.vn/ho-chi-minh/banh-mi-thuy-duong-binh-tien|Ăn vặt/vỉa hè|Quận 6|TP. HCM
Mộc - Riêu & Nướng - Võ Văn Kiệt|(08)38364968, 0909282096|99|https://www.foody.vn/ho-chi-minh/moc-rieu-nuong|Quán ăn|Quận 1|TP. HCM
Kem Häagen Dazs - Hàn Thuyên|(08)38223311|290|https://www.foody.vn/ho-chi-minh/haagen-dazs-kem|Café/Dessert|Quận 1|TP. HCM
Cheese Coffee - Đường D2|(08)35126077|36|https://www.foody.vn/ho-chi-minh/cheese-coffee-duong-d2|Café/Dessert|Quận Bình Thạnh|TP. HCM
The Milktea Guy|0906736575|200|https://www.foody.vn/ho-chi-minh/the-milktea-guy-ngo-gia-tu|Café/Dessert|Quận 10|TP. HCM
Bánh Canh Ghẹ Muối Ớt Xanh - Nguyễn Tri Phương||249|https://www.foody.vn/ho-chi-minh/banh-canh-ghe-nguyen-tri-phuong|Quán ăn|Quận 10|TP. HCM
Tokbokki - Đinh Tiên Hoàng|0838.205.860|88|https://www.foody.vn/ho-chi-minh/tokbokki-dinh-tien-hoang|Quán ăn|Quận 1|TP. HCM
The Coffee House - Nguyễn Thái Sơn||32|https://www.foody.vn/ho-chi-minh/the-coffee-house-nguyen-thai-son|Café/Dessert|Quận Gò Vấp|TP. HCM
BuzZ Tea - Bánh Ngon & Trà Thơm||1|https://www.foody.vn/ho-chi-minh/buzz-tea|Café/Dessert|Quận Phú Nhuận|TP. HCM
Saigon Kitchen Restaurant - Hotel Des Arts Saigon|(08)39898888|5|https://www.foody.vn/ho-chi-minh/saigon-kitchen-restaurant-hotel-des-arts-saigon|Nhà hàng|Quận 3|TP. HCM
L'Usine Cafe - Đồng Khởi|(08)66749565|146|https://www.foody.vn/ho-chi-minh/l-usine-cafe-dong-khoi|Café/Dessert|Quận 1|TP. HCM
Nhà Sài Gòn Coffee|01268704184|0|https://www.foody.vn/ho-chi-minh/nha-sai-gon-coffee|Café/Dessert|Quận Bình Thạnh|TP. HCM
Dolpan Sam - Nướng Bàn Đá Hàn Quốc|(08)35170399|23|https://www.foody.vn/ho-chi-minh/dolpan-sam-nuong-ban-da-han-quoc|Nhà hàng|Quận Phú Nhuận|TP. HCM
Uno Quán - Tea & Milktea - Huỳnh Văn Bánh|(08)62654320, 0945742420, 01214965789|79|https://www.foody.vn/ho-chi-minh/uno-quan-tea-milktea|Café/Dessert|Quận Phú Nhuận|TP. HCM
Quán Rau Rừng Trung Sơn - Bánh Xèo|0908092139, 0903651619|12|https://www.foody.vn/ho-chi-minh/quan-rau-rung-trung-son-banh-xeo|Quán ăn|Bình Chánh|TP. HCM
Sài Gòn Givral Bakery - Đinh Tiên Hoàng||61|https://www.foody.vn/ho-chi-minh/sai-gon-givral-bakery-dinh-tien-hoang|Tiệm bánh|Quận Bình Thạnh|TP. HCM
Saigon Kitchen Club - Món Ăn Giảm Cân - Shop Online|(08)88629788|2|https://www.foody.vn/ho-chi-minh/saigon-kitchen-club-mon-an-giam-can-shop-online|Shop Online|Quận Bình Thạnh|TP. HCM
Lẩu Lòng Bò Nhật Bản - Motsunabe Rakutenchi - Lê Thánh Tôn|0903725515, (08)38279331|58|https://www.foody.vn/ho-chi-minh/lau-long-bo-nhat-ban-motsunabe-rakutenchi-le-thanh-ton|Nhà hàng|Quận 1|TP. HCM
Ốc Nho Quán|0933649047|16|https://www.foody.vn/ho-chi-minh/oc-nho-quan-le-quoc-hung|Ăn vặt/vỉa hè|Quận 4|TP. HCM
Uncle Tea - Trà Đài Loan - Trần Hưng Đạo|(08)66834504|50|https://www.foody.vn/ho-chi-minh/uncle-tea-tra-dai-loan-tran-hung-dao|Café/Dessert|Quận 5|TP. HCM
Citadel Saigon - Authentic Vietnamese Cuisine||4|https://www.foody.vn/ho-chi-minh/citadel-saigon-authentic-vietnamese-cuisine|Nhà hàng|Quận 1|TP. HCM
Cây Si Cafe - Lê Đức Thọ||8|https://www.foody.vn/ho-chi-minh/cay-si-cafe-le-duc-tho|Café/Dessert|Quận Gò Vấp|TP. HCM
Uraetei BBQ - Phổ Đình - Trần Hưng Đạo|(08)66831073, 0909350369|16|https://www.foody.vn/ho-chi-minh/uraetei-bbq-pho-dinh-tran-hung-dao|Nhà hàng|Quận 1|TP. HCM
Finita Cafe|(08)22532676|21|https://www.foody.vn/ho-chi-minh/finita-cafe|Café/Dessert|Quận Tân Bình|TP. HCM
Ding Tea - Cao Thắng|0898023567|24|https://www.foody.vn/ho-chi-minh/ding-tea-cao-thang|Café/Dessert|Quận 3|TP. HCM
After Meal - Dessert Shop||9|https://www.foody.vn/ho-chi-minh/after-meal-dessert-shop|Café/Dessert|Quận 1|TP. HCM
Lotteria - Xô Viết Nghệ Tĩnh|(08)35141571|29|https://www.foody.vn/ho-chi-minh/lotteria-xo-viet-nghe-tinh|Nhà hàng|Quận Bình Thạnh|TP. HCM
Sushi Hokkaido Sachi 北海道サチ - Nguyễn Trãi|(08)39260748, (08)39260749|210|https://www.foody.vn/ho-chi-minh/sushi-hokkaido-sachi-nguyen-trai|Nhà hàng|Quận 1|TP. HCM
Mì Cay 7 Cấp Độ Oppa|0907333242|14|https://www.foody.vn/ho-chi-minh/mi-cay-7-cap-do-oppa|Quán ăn|Quận Tân Phú|TP. HCM
Lâm Bô - Buffet Lẩu & Món Nướng - Lê Đức Thọ||8|https://www.foody.vn/ho-chi-minh/lam-bo-buffet-lau-mon-nuong-le-duc-tho|Quán ăn|Quận Gò Vấp|TP. HCM
Trà Sữa Sharetea - Tôn Thất Thiệp|0906812977|17|https://www.foody.vn/ho-chi-minh/tra-sua-sharetea-ton-that-thiep|Café/Dessert|Quận 1|TP. HCM
Bánh Đúc Lá Dứa - Nguyễn Kiệm||1|https://www.foody.vn/ho-chi-minh/banh-duc-la-dua-nguyen-kiem|Ăn vặt/vỉa hè|Quận Phú Nhuận|TP. HCM
Snow Bings - Bingsu Kem Tuyết|0939334666|229|https://www.foody.vn/ho-chi-minh/snow-bings-kem-tuyet|Café/Dessert|Quận 1|TP. HCM
Phở Đuôi Bò Ông Cả||9|https://www.foody.vn/ho-chi-minh/ong-ca-quan-pho|Quán ăn|Quận 3|TP. HCM
Innoshima Julian - Ẩm Thực Nhật Bản|(08)73011900|3|https://www.foody.vn/ho-chi-minh/innoshima-julian-am-thuc-nhat-ban|Nhà hàng|Quận 3|TP. HCM
Chả Lụi Nướng LaGi||113|https://www.foody.vn/ho-chi-minh/cha-lui-nuong-lagi|Quán ăn|Quận Tân Bình|TP. HCM
Thế Giới Donut Cake - Hai Bà Trưng|(08)38208999|117|https://www.foody.vn/ho-chi-minh/donut-cake-hai-ba-trung|Tiệm bánh|Quận 1|TP. HCM
Urban Station Coffee Takeaway - Nguyễn Trãi|(08)66816064|51|https://www.foody.vn/ho-chi-minh/urban-station-coffee-takeaway-nguyen-trai|Café/Dessert|Quận 5|TP. HCM
Highlands Coffee - Lakai|(08)38380333|68|https://www.foody.vn/ho-chi-minh/highlands-coffee-nguyen-tri-phuong|Café/Dessert|Quận 5|TP. HCM
Cơm Tấm Cây Bàng - Nguyễn Xí|0943977997|1|https://www.foody.vn/ho-chi-minh/com-tam-cay-bang-nguyen-xi|Quán ăn|Quận Bình Thạnh|TP. HCM
Nhà Hàng Ngân Đình Sài Gòn|(028)39826868|12|https://www.foody.vn/ho-chi-minh/nha-hang-ngan-dinh-sai-gon|Nhà hàng|Quận 1|TP. HCM
Dallas Cakes & Coffee - 3 Tháng 2|(08)62934975|165|https://www.foody.vn/ho-chi-minh/dallas-cakes-coffee-3-thang-2|Tiệm bánh|Quận 10|TP. HCM
Chú Tèo Buffet Nướng 99K - Phạm Văn Đồng|0912470440|12|https://www.foody.vn/ho-chi-minh/chu-teo-buffet-nuong-99k-pham-van-dong|Quán ăn|Quận Thủ Đức|TP. HCM
Hủ Tiếu Nam Vang Nhân Quán - Nguyễn Thị Minh Khai|19002042, 0902967409|70|https://www.foody.vn/ho-chi-minh/hu-tieu-nam-vang-nhan-quan-nguyen-thi-minh-khai|Quán ăn|Quận 3|TP. HCM
Hồng Diên - Bánh Căn & Bánh Xèo|0903085086|49|https://www.foody.vn/ho-chi-minh/banh-can-phan-van-tri|Ăn vặt/vỉa hè,|Quận Gò Vấp|TP. HCM
Marukame Udon - AEON Mall Tân Phú||411|https://www.foody.vn/ho-chi-minh/marukame-udon-aeon-mall|Nhà hàng|Quận Tân Phú|TP. HCM
Chicken Go Saigon - Shop Online|0971823477|3|https://www.foody.vn/ho-chi-minh/chicken-go-saigon-shop-online|Shop Online|Quận Tân Bình|TP. HCM
Warning Zone - UP|01234666286|10|https://www.foody.vn/ho-chi-minh/warning-zone-up|Nhà hàng|Quận 1|TP. HCM
Trà Sữa Bobapop - Võ Văn Ngân|(08)66549933, 01672110727|79|https://www.foody.vn/ho-chi-minh/tra-sua-bobapop-vo-van-ngan|Café/Dessert|Quận Thủ Đức|TP. HCM
Dim Tu Tac Cha Chaan Teng - Nhà Hàng Quảng Đông|(08)38633332|8|https://www.foody.vn/ho-chi-minh/dim-tu-tac-cha-chaan-teng-nha-hang-quang-dong|Nhà hàng,|Quận 10|TP. HCM
Uncle Tea - Trà Đài Loan - Cách Mạng Tháng 8|(08)39701988|20|https://www.foody.vn/ho-chi-minh/uncle-tea-tra-dai-loan-cach-mang-thang-8|Café/Dessert|Quận Tân Bình|TP. HCM
Tokyo Deli - Lê Thánh Tôn|(08)54042244|316|https://www.foody.vn/ho-chi-minh/tokyo-deli-le-thanh-ton|Nhà hàng|Quận 1|TP. HCM
Saigon Toucan - Coffee & Tea|0901769733|4|https://www.foody.vn/ho-chi-minh/saigon-toucan-coffee-tea|Café/Dessert|Quận 4|TP. HCM
Hurom Juice Cafe - Hàm Nghi|(08)38218820|37|https://www.foody.vn/ho-chi-minh/hurom-juice-cafe-ham-nghi|Café/Dessert|Quận 1|TP. HCM
Trà Sữa Gong Cha - 貢茶 - An Dương Vương|(08)38301822, 01207685916, 01677456066, 19002042|189|https://www.foody.vn/ho-chi-minh/tra-sua-gong-cha-an-duong-vuong|Café/Dessert|Quận 5|TP. HCM
Trà Sữa Jungle|0933217188, 0986360064|6|https://www.foody.vn/ho-chi-minh/tra-sua-jungle|Café/Dessert|Quận Tân Phú|TP. HCM
Bún Cá Rô Đồng Hoàng Cúc|0909546486|6|https://www.foody.vn/ho-chi-minh/bun-ca-ro-dong-hoang-cuc|Quán ăn|Quận Tân Bình|TP. HCM
Nhà Hàng Cánh Quạt - Hải Sản & Ẩm Thực Việt|0984889075, 0938066229|11|https://www.foody.vn/ho-chi-minh/nha-hang-canh-quat-hai-san-am-thuc-viet|Nhà hàng|Nhà Bè|TP. HCM
Hoa Ly - Trà Sữa Nhà Làm - Nguyễn Thái Bình|0935187779|5|https://www.foody.vn/ho-chi-minh/tra-sua-nha-lam-hoa-ly-nguyen-thai-binh|Ăn vặt/vỉa hè|Quận Tân Bình|TP. HCM
Gà Rán Popeyes - Cộng Hòa|(08)39483238, 19006008|108|https://www.foody.vn/ho-chi-minh/ga-ran-popeyes-cong-hoa|Nhà hàng|Quận Tân Bình|TP. HCM
Fitfood VN - Shop Online|0971248950, 0932788120|31|https://www.foody.vn/ho-chi-minh/fitfood-vn-shop-online|Shop Online|Quận Bình Thạnh|TP. HCM
Kichi Kichi Lẩu Băng Chuyền - Vincom Thủ Đức|(08)38972089|45|https://www.foody.vn/ho-chi-minh/kichi-kichi-lau-bang-chuyen-vincom-thu-duc|Nhà hàng|Quận Thủ Đức|TP. HCM
Ốc Nhớ Sài Gòn - Trịnh Đình Trọng||177|https://www.foody.vn/ho-chi-minh/oc-nho-sai-gon-trinh-dinh-trong|Quán ăn|Quận Tân Phú|TP. HCM
Say Coffee 24H - Sư Vạn Hạnh|(08)62647809, 0932098989|485|https://www.foody.vn/ho-chi-minh/say-coffee|Café/Dessert|Quận 10|TP. HCM
Cô Út - Bánh Mì Xíu Mại||1|https://www.foody.vn/ho-chi-minh/banh-mi-bi-xiu-mai-671919|Ăn vặt/vỉa hè,|Quận 4|TP. HCM
Akataiyo 赤太陽 Mặt Trời Đỏ - Hai Bà Trưng|(08)38244295|60|https://www.foody.vn/ho-chi-minh/akataiyo-mat-troi-do-hai-ba-trung|Nhà hàng|Quận 1|TP. HCM
Ốc Chánh||54|https://www.foody.vn/ho-chi-minh/oc-chanh|Quán ăn|Quận Gò Vấp|TP. HCM
Tràng An Quán - Bún Đậu Mắm Tôm||21|https://www.foody.vn/ho-chi-minh/trang-an-quan-bun-dau-mam-tom|Quán ăn|Quận 4|TP. HCM
Coca Macaron Bakery|0969389696|0|https://www.foody.vn/ho-chi-minh/coca-macaron-bakery|Tiệm bánh|Quận Tân Phú|TP. HCM
Yamamoto Mattcha Cafe Premium - Saigon Centre||59|https://www.foody.vn/ho-chi-minh/yamamoto-mattcha-cafe-premium-saigon-centre|Café/Dessert|Quận 1|TP. HCM
Bánh Đa Trộn Badar - Lê Văn Sỹ|0908453838, 0973592735|41|https://www.foody.vn/ho-chi-minh/banh-da-tron-badar-le-van-sy|Ăn vặt/vỉa hè|Quận Phú Nhuận|TP. HCM
Chụyy Quán - Món Quảng|0946264506, 0902628734|55|https://www.foody.vn/ho-chi-minh/chuyy-quan-mon-quang|Quán ăn|Quận 3|TP. HCM
Bột Chiên Ông Ba - Vĩnh Khánh|0924119695|5|https://www.foody.vn/ho-chi-minh/bot-chien-ong-ba-vinh-khanh|Ăn vặt/vỉa hè|Quận 4|TP. HCM
Layla - Eatery & Bar||13|https://www.foody.vn/ho-chi-minh/layla-eatery-bar|Quán ăn,|Quận 1|TP. HCM
Meet Fresh - Phan Xích Long|1900588899(ưutiên), 0938442555|17|https://www.foody.vn/ho-chi-minh/meet-fresh-phan-xich-long|Café/Dessert|Quận Phú Nhuận|TP. HCM
Bún Riêu Cua Ốc & Canh Bún||1|https://www.foody.vn/ho-chi-minh/bun-rieu-cua-oc-canh-bun|Quán ăn|Quận Bình Thạnh|TP. HCM
Bami Cô Bống - Bánh Mì Chảo & Pate Chiên|0986078181, 0987693131|217|https://www.foody.vn/ho-chi-minh/bami-co-bong-banh-mi-chao-pate-chien|Quán ăn|Quận 3|TP. HCM
Beefsteak Only - Hàn Thuyên|(08)39485531, 0908901100, 0902430037|24|https://www.foody.vn/ho-chi-minh/beefsteak-only-han-thuyen|Quán ăn|Quận Thủ Đức|TP. HCM
Xì Trum Quán - Lê Thị Hồng||13|https://www.foody.vn/ho-chi-minh/xi-trum-quan-le-thi-hong|Ăn vặt/vỉa hè|Quận Gò Vấp|TP. HCM
Hoàng Yến Cuisine - Ngô Đức Kế|(08)38231101|16|https://www.foody.vn/ho-chi-minh/hoang-yen-cuisine-ngo-duc-ke|Nhà hàng|Quận 1|TP. HCM
Cháo Hến Rau Đắng|0903080033|6|https://www.foody.vn/ho-chi-minh/chao-hen-rau-dang|Quán ăn|Quận 10|TP. HCM
Phở Cồ Nam Định|0942666127|6|https://www.foody.vn/ho-chi-minh/pho-co-nam-dinh|Quán ăn|Quận Tân Bình|TP. HCM
Koi Thé Café - Ngô Đức Kế|19002042, (08)38216668|533|https://www.foody.vn/ho-chi-minh/koi-the-cafe-viet-nam-ngo-duc-ke|Café/Dessert|Quận 1|TP. HCM
Koi Thé Café - Saigon Garden|19002042, (08)38215586|159|https://www.foody.vn/ho-chi-minh/koi-the-cafe-viet-nam-saigon-garden|Café/Dessert|Quận 1|TP. HCM
Thủy Nguyên Cafe|(08)38448453, 0908042889|2|https://www.foody.vn/ho-chi-minh/thuy-nguyen-cafe|Café/Dessert|Quận Tân Bình|TP. HCM
Bowl Fruits - Trái Cây Tô|01207577767|1|https://www.foody.vn/ho-chi-minh/bowl-fruits-trai-cay-to|Ăn vặt/vỉa hè|Quận Gò Vấp|TP. HCM
Debear Cafe|0919188911|20|https://www.foody.vn/ho-chi-minh/debear-cafe|Café/Dessert|Quận Tân Bình|TP. HCM
The Coffee House - Cao Thắng|(08)73039079, (08)38181566, 0919651565|403|https://www.foody.vn/ho-chi-minh/the-coffee-house-cao-thang|Café/Dessert|Quận 3|TP. HCM
Poke Saigon|0931863262, 0902474388|24|https://www.foody.vn/ho-chi-minh/poke-saigon-fish-salad|Nhà hàng|Quận 1|TP. HCM
Cake Boutique Star Kitchen||8|https://www.foody.vn/ho-chi-minh/cake-boutique-star-kitchen|Tiệm bánh|Quận 1|TP. HCM
Ilop Plus Coffee|0964402222|1|https://www.foody.vn/ho-chi-minh/ilop-plus-coffee|Café/Dessert|Quận 2|TP. HCM
Top Coffee||3|https://www.foody.vn/ho-chi-minh/top-coffee|Café/Dessert|Quận 4|TP. HCM
Hana BBQ & Hot Pot Buffet - Phan Văn Trị||93|https://www.foody.vn/ho-chi-minh/hana-bbq-hot-pot-buffet-phan-van-tri|Buffet|Quận Gò Vấp|TP. HCM
Ốc Siêu|0915453137|11|https://www.foody.vn/ho-chi-minh/oc-sieu|Quán ăn|Quận Thủ Đức|TP. HCM
Choice Hotpot - Buffet Lẩu Nhật|(08)38296274|69|https://www.foody.vn/ho-chi-minh/choice-hotpot-buffet-lau-nhat|Nhà hàng|Quận 1|TP. HCM
Zeytun Restaurant||2|https://www.foody.vn/ho-chi-minh/zeytun-restaurant|Nhà hàng|Quận 1|TP. HCM
Phở Khô Hồng Gia Lai - Đồng Nai|0916023458|59|https://www.foody.vn/ho-chi-minh/pho-hong-phan-xich-long-pho-kho-gia-lai-phan-xich-long|Quán ăn|Quận 10|TP. HCM
Caztus Coffee - Nguyễn Thị Minh Khai|(08)66787497|323|https://www.foody.vn/ho-chi-minh/caztus-coffee-nguyen-thi-minh-khai|Café/Dessert|Quận 1|TP. HCM
H2O Yogurt & Cafe||225|https://www.foody.vn/ho-chi-minh/h2o-yogurt-cafe|Café/Dessert|Quận 3|TP. HCM
Joy Bak Kut Teh - Sườn Trà Singapore|0907800079|28|https://www.foody.vn/ho-chi-minh/joy-bak-kut-teh-suon-tra-singapore|Quán ăn,|Quận 10|TP. HCM
Lotteria - Parkson Lê Thánh Tôn|(08)38277584|9|https://www.foody.vn/ho-chi-minh/lotteria-parkson-le-thanh-ton|Nhà hàng|Quận 1|TP. HCM
Highlands Coffee - Nam Kỳ Khởi Nghĩa|(08)39147676, 0946039666|62|https://www.foody.vn/ho-chi-minh/highlands-coffee-nam-ky-khoi-nghia|Café/Dessert|Quận 1|TP. HCM
Moss Kafé - Đường 3 Tháng 2|0934022988, 0931820676|62|https://www.foody.vn/ho-chi-minh/mosskafe-duong-3-thang-2|Café/Dessert|Quận 10|TP. HCM
Buffet Béo 99k||21|https://www.foody.vn/ho-chi-minh/buffet-beo-99k|Buffet|Quận 9|TP. HCM
Hotpot Story - Aeon Mall Bình Tân||14|https://www.foody.vn/ho-chi-minh/hotpot-story-aeon-mall-binh-tan|Nhà hàng,|Quận Bình Tân|TP. HCM
Ốc Số 9 - Ốc Bươu Nhồi Thịt|0913194196|15|https://www.foody.vn/ho-chi-minh/oc-so-9|Quán ăn|Quận 1|TP. HCM
Tiệm Bánh Bia Bơ||58|https://www.foody.vn/ho-chi-minh/tiem-banh-bia-bo|Café/Dessert,|Quận 1|TP. HCM
Coco Bana Ice Cream|0932609771|2|https://www.foody.vn/ho-chi-minh/coco-bana-ice-cream|Café/Dessert|Nhà Bè|TP. HCM
Dalat Foods - Bánh Tráng Nướng & Bánh Căn|0918634961|29|https://www.foody.vn/ho-chi-minh/dalat-foods-nguyen-van-nguyen|Quán ăn|Quận 1|TP. HCM
Chicks On The Fly - Asiana Food Town|(028)38381881, 01283669366|10|https://www.foody.vn/ho-chi-minh/chicks-on-the-fly-asiana-food-town|Quán ăn|Quận 1|TP. HCM
Liên Lục Địa Cafe & Cơm Tấm - Cống Quỳnh|(08)39253253|122|https://www.foody.vn/ho-chi-minh/lien-luc-dia-cafe|Café/Dessert|Quận 1|TP. HCM
Le Resto - Món Pháp Giá Việt|(08)66854999|84|https://www.foody.vn/ho-chi-minh/nha-hang-phap-le-resto-mon-phap-gia-viet|Nhà hàng|Quận 3|TP. HCM
Ốc Liên 20k - Bàu Cát 8||4|https://www.foody.vn/ho-chi-minh/oc-lien-20k-bau-cat-8|Quán nhậu|Quận Tân Bình|TP. HCM
The Dough Pizza & Mee||5|https://www.foody.vn/ho-chi-minh/the-dough-pizza-mee|Quán ăn|Quận 10|TP. HCM
Phở Ky||1|https://www.foody.vn/ho-chi-minh/pho-ky|Quán ăn|Quận 12|TP. HCM
Nhà Hàng Chay Đóa Sen Vàng - Tân Phú|(08)54342682|16|https://www.foody.vn/ho-chi-minh/com-chay-doa-sen-vang-tan-phu|Quán ăn|Quận Tân Phú|TP. HCM
No.96 - Quán 96 Lẩu & Nướng|01232309696, 0908083702, 0908132616|284|https://www.foody.vn/ho-chi-minh/no-96|Quán ăn|Quận 3|TP. HCM
Queenny - Milk Tea & Ice Cream - Ngô Đức Kế|(08)66519898, 0931485818|50|https://www.foody.vn/ho-chi-minh/queenny-milk-tea-ice-cream-ngo-duc-ke|Café/Dessert|Quận 1|TP. HCM
Chả Cá Hà Nội Xưa||2|https://www.foody.vn/ho-chi-minh/cha-ca-ha-noi-xua|Quán ăn|Quận Tân Bình|TP. HCM
Shangri La Coffee - Cao Thắng|01212799342(sốđiệnthoạichungcácchinhánh)|27|https://www.foody.vn/ho-chi-minh/shangri-la-coffee-cao-thang|Café/Dessert|Quận 10|TP. HCM
Huyền - Bún Nước & Mì Cay Muối Ớt||56|https://www.foody.vn/ho-chi-minh/huyen-bun-nuoc-hem-49|Quán ăn|Quận Phú Nhuận|TP. HCM
Phở Phú Vương - Lê Văn Sỹ|0902525074, 0903833007, (08)39918295|156|https://www.foody.vn/ho-chi-minh/pho-phu-vuong|Quán ăn|Quận Tân Bình|TP. HCM
The Dome Kaffe|0905350221|16|https://www.foody.vn/ho-chi-minh/the-dome-kaffe|Café/Dessert|Quận Phú Nhuận|TP. HCM
Bún Đậu Mắm Tôm Nhà Tôi - Nguyễn Tri Phương|0909047381, 0909147536, 01229642217|32|https://www.foody.vn/ho-chi-minh/bun-dau-mam-tom-nha-toi|Quán ăn|Quận 10|TP. HCM
Konaya Sushi King - Lê Quang Định|0937641838, 0938968032|13|https://www.foody.vn/ho-chi-minh/konaya-sushi-king|Nhà hàng|Quận Bình Thạnh|TP. HCM
Bánh Bèo Bà Năm Nữ|0967842042|9|https://www.foody.vn/ho-chi-minh/banh-beo-ba-nam-nu|Ăn vặt/vỉa hè|Quận Tân Phú|TP. HCM
Bánh Cuốn Trứng - Vạn Kiếp|(08)35104723|59|https://www.foody.vn/ho-chi-minh/banh-cuon-trung-van-kiep|Quán ăn|Quận Bình Thạnh|TP. HCM
Riro - Trà Sữa Nhà Làm - Cách Mạng Tháng 8|0907946810|2|https://www.foody.vn/ho-chi-minh/riro-tra-sua-nha-lam-cach-mang-thang-8|Ăn vặt/vỉa hè|Quận 10|TP. HCM
Nhà Hàng Ngon - Pasteur|(08)38277131|148|https://www.foody.vn/ho-chi-minh/nha-hang-ngon-pasteur|Nhà hàng|Quận 1|TP. HCM
Kimbap City - Món Ăn Hàn Quốc|(08)62905187, (08)62905186|82|https://www.foody.vn/ho-chi-minh/kimbap-fc-nguyen-phuc-nguyen|Quán ăn|Quận 3|TP. HCM
Pizza Hut - Luỹ Bán Bích|(08)38388388|28|https://www.foody.vn/ho-chi-minh/pizza-hut-luy-ban-bich|Nhà hàng|Quận Tân Phú|TP. HCM
Mamma Mia Caffe|0906891462|0|https://www.foody.vn/ho-chi-minh/mamma-mia-caffe|Café/Dessert|Quận 2|TP. HCM
Chè Mỹ - Nguyễn Thị Thập|(08)37719320|25|https://www.foody.vn/ho-chi-minh/che-my-nguyen-thi-thap|Quán ăn|Quận 7|TP. HCM
Beefsteak Hai Con Bò - Thống Nhất|(08)66570909|75|https://www.foody.vn/ho-chi-minh/hai-con-bo-thong-nhat|Nhà hàng|Quận Thủ Đức|TP. HCM
Cô Lan - Súp Cua Bong Bóng Cá|01655532092|4|https://www.foody.vn/ho-chi-minh/co-lan-sup-cua-bong-bong-ca|Ăn vặt/vỉa hè|Quận 5|TP. HCM
Phúc Long Coffee & Tea House - SC VivoCity|18006779, (08)62969555|164|https://www.foody.vn/ho-chi-minh/phuc-long-coffee-tea-house-sc-vivocity|Café/Dessert|Quận 7|TP. HCM
Bún Đậu Mắm Tôm - Thăng Long||23|https://www.foody.vn/ho-chi-minh/bun-dau-mam-tom-thang-long|Quán ăn|Quận Tân Bình|TP. HCM
The Coffee House - Điện Biên Phủ||87|https://www.foody.vn/ho-chi-minh/the-coffee-house-dien-bien-phu|Café/Dessert|Quận Bình Thạnh|TP. HCM
Cháo Ếch Singapore - Chợ Tân Định||13|https://www.foody.vn/ho-chi-minh/chao-ech-singapore-cho-tan-dinh|Quán ăn|Quận 1|TP. HCM
Bánh Mì Như Lan - 64 Hàm Nghi|(08)38292970|70|https://www.foody.vn/ho-chi-minh/banh-mi-nhu-lan-64-ham-nghi|Tiệm bánh|Quận 1|TP. HCM
Chè Lâm Vinh Mậu - Nguyễn Thái Bình||4|https://www.foody.vn/ho-chi-minh/che-lam-vinh-mau-nguyen-thai-binh|Ăn vặt/vỉa hè|Quận 1|TP. HCM
CoCo5 Món Ngon Đường Phố Bangkok - CN2|0917332345, 0903939555, 1900558815, 0902211625|244|https://www.foody.vn/ho-chi-minh/coco5-mon-ngon-duong-pho-bangkok-cn2|Café/Dessert|Quận 10|TP. HCM
Kem Ký - Hải Thượng Lãn Ông||36|https://www.foody.vn/ho-chi-minh/kem-ky-hai-thuong-lan-ong|Ăn vặt/vỉa hè|Quận 5|TP. HCM
DK’s Wine Bar Restaurant|0938512227|1|https://www.foody.vn/ho-chi-minh/dk-s-wine-bar-restaurant|Nhà hàng|Quận 1|TP. HCM
Crazy Bingsu - Korea Snow Dessert & Smoothies|(08)66511555|211|https://www.foody.vn/ho-chi-minh/crazy-bingsu|Café/Dessert|Quận 1|TP. HCM
Gác Bếp - Bún Chả Cá Miền Trung & Bún Cari Mực Miền Tây|0975150151, 0934815979|12|https://www.foody.vn/ho-chi-minh/gac-bep-bun-cha-ca-mien-trung-bun-cari-muc-mien-tay|Quán ăn|Quận 10|TP. HCM
Mỳ 7 Tô - Nguyễn Duy Dương|(08)38384838|283|https://www.foody.vn/ho-chi-minh/my-7-to-20-nguyen-duy-vuong|Quán ăn|Quận 5|TP. HCM
Sense Organic Coffee|0972251551|2|https://www.foody.vn/ho-chi-minh/sense-organic-coffee|Café/Dessert|Quận 3|TP. HCM
Trà Sữa & Sinh Tố 48 - Đường Số 27|01225953708|1|https://www.foody.vn/ho-chi-minh/tra-sua-sinh-to-48-duong-so-27|Ăn vặt/vỉa hè|Quận Thủ Đức|TP. HCM
Bánh Cá Taiyaki & Gà Non Hong Kong||2|https://www.foody.vn/ho-chi-minh/banh-ca-taiyaki-ga-non-hong-kong|Ăn vặt/vỉa hè|Quận 11|TP. HCM
The Pizza Company - Phan Xích Long|(08)39900690|121|https://www.foody.vn/ho-chi-minh/the-pizza-company-phan-xich-long|Nhà hàng|Quận Phú Nhuận|TP. HCM
Pizza Hut - Lotte Mart Nam Sài Gòn|(08)37752841|117|https://www.foody.vn/ho-chi-minh/pizza-hut-lotte-mart-nam-sai-gon|Nhà hàng|Quận 7|TP. HCM
Trà Sữa Gong Cha - 貢茶 - Nguyễn Sơn|19002042, (08)62673011|73|https://www.foody.vn/ho-chi-minh/tra-sua-gong-cha-nguyen-son|Café/Dessert|Quận Tân Phú|TP. HCM
Oasis Cafe|(08)39911991|21|https://www.foody.vn/ho-chi-minh/oasis-cafe-le-van-sy|Café/Dessert|Quận Phú Nhuận|TP. HCM
PNE Coffee - Cafe Thú Cưng|0973292318|25|https://www.foody.vn/ho-chi-minh/pne-coffee|Café/Dessert|Quận Bình Thạnh|TP. HCM
Hải Sản Vườn Phố||23|https://www.foody.vn/ho-chi-minh/vuon-pho|Nhà hàng|Quận Tân Bình|TP. HCM
SaSin - Mì Cay 7 Cấp Độ Hàn Quốc - D2||118|https://www.foody.vn/ho-chi-minh/sasin-mi-cay-7-cap-do-han-quoc-d2|Quán ăn|Quận Bình Thạnh|TP. HCM
TocoToco Bubble Tea - Đường D2|(08)98012344|31|https://www.foody.vn/ho-chi-minh/tocotoco-bubble-tea-duong-d2|Café/Dessert|Quận Bình Thạnh|TP. HCM
Monkey In Black Cafe - Sư Vạn Hạnh|(08)66860910|827|https://www.foody.vn/ho-chi-minh/monkey-in-black-su-van-hanh|Café/Dessert|Quận 10|TP. HCM
Gogi House - Nướng Hàn Quốc - Vincom Quang Trung|19006622|49|https://www.foody.vn/ho-chi-minh/gogi-house-nuong-han-quoc-quang-trung|Nhà hàng|Quận Gò Vấp|TP. HCM
Shabu Ya - SC VivoCity|(08)37753029|148|https://www.foody.vn/ho-chi-minh/shabu-ya-buffet-lau-nhat-sc-vivocity|Nhà hàng,|Quận 7|TP. HCM
Ghien.beer - Nướng & Hải Sản|0909990603, 0908097470|5|https://www.foody.vn/ho-chi-minh/ghien-beer-nuong-hai-san|Quán nhậu|Quận 10|TP. HCM
Italiani's Pizza||28|https://www.foody.vn/ho-chi-minh/italiani-s-pizza|Quán ăn|Quận 1|TP. HCM
Gà Lắc|0944727722|20|https://www.foody.vn/ho-chi-minh/ga-lac|Quán ăn|Quận Phú Nhuận|TP. HCM
Cường Đô La - Bánh Canh Cá Lóc|01229933399|12|https://www.foody.vn/ho-chi-minh/quan-cuong-do-la|Quán ăn|Quận Gò Vấp|TP. HCM
Thu Nga - Cháo vịt Thanh Đa|(08)35566028|25|https://www.foody.vn/ho-chi-minh/thu-nga-chao-vit-thanh-da|Quán ăn|Quận Bình Thạnh|TP. HCM
La Belgique Restaurant - Ẩm Thực Pháp|0903848830|11|https://www.foody.vn/ho-chi-minh/la-belgique-restaurant-am-thuc-phap|Nhà hàng|Quận 3|TP. HCM
Mì Ốc Hến Dì Lan - Tôn Thất Thuyết|01223801759|49|https://www.foody.vn/ho-chi-minh/mi-oc-hen-di-lan|Quán ăn|Quận 4|TP. HCM
Ân Ký Mì Gia - Hoàng Diệu||5|https://www.foody.vn/ho-chi-minh/an-ky-mi-gia-hoang-dieu|Quán ăn|Quận Phú Nhuận|TP. HCM
Bún Riêu Đà Lạt Quế|01226691933|28|https://www.foody.vn/ho-chi-minh/bun-rieu-da-lat-que|Quán ăn|Quận 1|TP. HCM
Nu Bistro Coffee Lounge|0906670477|14|https://www.foody.vn/ho-chi-minh/nu-bistro-coffee-lounge|Café/Dessert|Quận 1|TP. HCM
Mầm Xanh - Ẩm Thực Chay|0901414189|7|https://www.foody.vn/ho-chi-minh/mam-xanh-am-thuc-chay|Ăn chay|Quận Bình Thạnh|TP. HCM
Bà Hạt - Hủ Tiếu Nam Vang & Bún Thái|0919223522, 0933223522|20|https://www.foody.vn/ho-chi-minh/hu-tieu-nam-vang-bun-thai-ba-hat|Quán ăn|Quận 10|TP. HCM
Cháo Ếch Việt Sing - Trần Hưng Đạo|0948640845|4|https://www.foody.vn/ho-chi-minh/chao-ech-viet-sing-tran-hung-dao|Quán ăn|Quận 1|TP. HCM
Trà Sữa BoBaPop - Hoàng Diệu||50|https://www.foody.vn/ho-chi-minh/tra-sua-bobapop-hoang-dieu|Café/Dessert|Quận 4|TP. HCM
Cơm Tấm Bãi Rác - Lê Văn Linh||17|https://www.foody.vn/ho-chi-minh/com-tam-bai-rac-le-van-linh|Quán ăn|Quận 4|TP. HCM
4Gs Texas - Steak & Pizza Pasta|(08)38208268|108|https://www.foody.vn/ho-chi-minh/4gs-texas-steak-pizza-pasta|Nhà hàng|Quận 1|TP. HCM
Mì Vịt Phan Thiết Bà Phượng|0902898037|32|https://www.foody.vn/ho-chi-minh/mi-vit-phan-thiet-ba-phuong|Quán ăn|Quận Bình Thạnh|TP. HCM
Coco Bingsu|0983276688|67|https://www.foody.vn/ho-chi-minh/coco-bingsu|Café/Dessert|Quận Tân Bình|TP. HCM
Liên Hương - Chuyên Các Món Chay||1|https://www.foody.vn/ho-chi-minh/lien-huong-chuyen-cac-mon-chay|Ăn chay|Quận 1|TP. HCM
Starbucks Coffee - Phan Xích Long|(08)35176461|235|https://www.foody.vn/ho-chi-minh/starbucks-coffee-phan-xich-long|Café/Dessert|Quận Phú Nhuận|TP. HCM
Súp Cua Chợ Tân Định|19002042, 0909889674|34|https://www.foody.vn/ho-chi-minh/sup-cua-cho-tan-dinh|Ăn vặt/vỉa hè,|Quận 1|TP. HCM
Quán Ăn Nhật Bản Sushi Ko - Vĩnh Khánh|0913869626|105|https://www.foody.vn/ho-chi-minh/quan-an-nhat-ban-sushi-ko-vinh-khanh|Quán ăn|Quận 4|TP. HCM
Bánh Mì Xíu Mại - Chợ Nguyễn Văn Trỗi||2|https://www.foody.vn/ho-chi-minh/banh-mi-xiu-mai-cho-nguyen-van-troi|Ăn vặt/vỉa hè|Quận 3|TP. HCM
Cô Thanh Noodles - Saigon Centre||12|https://www.foody.vn/ho-chi-minh/co-thanh-noodles-saigon-centre|Nhà hàng|Quận 1|TP. HCM
Papa's Chicken - Cách Mạng Tháng 8|(08)38181616|323|https://www.foody.vn/ho-chi-minh/papa-s-chicken-cach-mang-thang-8|Nhà hàng|Quận 3|TP. HCM
Excape Dessert Coffee|01285149581|55|https://www.foody.vn/ho-chi-minh/excape-dessert-coffee|Café/Dessert|Quận 3|TP. HCM
James Coffee & Shop|0937069690|2|https://www.foody.vn/ho-chi-minh/james-coffee-shop|Café/Dessert|Quận 1|TP. HCM
TikTak - Trà Sữa & Trà Đào - Cách Mạng Tháng 8|0949502435|307|https://www.foody.vn/ho-chi-minh/tiktak-tra-sua-tra-dao-cmt8|Café/Dessert|Quận 10|TP. HCM
The Coffee House - Đường 3 Tháng 2||51|https://www.foody.vn/ho-chi-minh/the-coffee-house-duong-3-thang-2|Café/Dessert|Quận 10|TP. HCM
Boo Coffee 2 - Lầu 8 Chung Cư Nguyễn Huệ|0978755665|59|https://www.foody.vn/ho-chi-minh/boo-coffee-2|Café/Dessert|Quận 1|TP. HCM
Kem Ben Bơ|01225955911|2|https://www.foody.vn/ho-chi-minh/kem-ben-bo|Café/Dessert|Quận 4|TP. HCM
Mimosa Cafe - Lạc Long Quân||8|https://www.foody.vn/ho-chi-minh/mimosa-cafe-lac-long-quan|Café/Dessert|Quận 11|TP. HCM
Bún Thịt Nướng Kiều Bảo 3||23|https://www.foody.vn/ho-chi-minh/bun-thit-nuong-kieu-bao-3|Quán ăn|Quận 1|TP. HCM
Bột Chiên, Mì Xào Bò & Bánh Hẹ||1|https://www.foody.vn/ho-chi-minh/bot-chien-mi-xao-bo-banh-he|Ăn vặt/vỉa hè|Quận Tân Phú|TP. HCM
TocoToco Bubble Tea - Nguyễn Tri Phương|1900636936, (08)626986790|81|https://www.foody.vn/ho-chi-minh/tocotoco-bubble-tea-nguyen-tri-phuong|Café/Dessert|Quận 10|TP. HCM
Hue Delights - TTTM Takashimaya||1|https://www.foody.vn/ho-chi-minh/hue-delights-takashimaya-vietnam|Quán ăn|Quận 1|TP. HCM
Neko Sushi & Okonomiyaki|0908798758, 0908190687|277|https://www.foody.vn/ho-chi-minh/neko-sushi|Quán ăn|Quận 1|TP. HCM
Bánh Xèo 335||11|https://www.foody.vn/ho-chi-minh/banh-xeo-335|Ăn vặt/vỉa hè|Quận 3|TP. HCM
Cô 5 Thuận - Nem Nướng Ninh Hòa|01645917585|3|https://www.foody.vn/ho-chi-minh/co-5-thuan-nem-nuong-ninh-hoa|Ăn vặt/vỉa hè|Quận 7|TP. HCM
Lẩu Bò Hoàng Thu - Hồ Thị Kỷ|0933339746, 0907801516|38|https://www.foody.vn/ho-chi-minh/hoang-thu-lau-bo-ho-thi-ky|Quán ăn|Quận 10|TP. HCM
Slow & Chill Coffee - Nguyễn Huệ|(08)35096363, 0901366112|240|https://www.foody.vn/ho-chi-minh/slow-chill-coffee-nguyen-hue|Café/Dessert|Quận 1|TP. HCM
Trà Sữa Tiên Hưởng - Nguyễn Đình Chiểu|0901873614|32|https://www.foody.vn/ho-chi-minh/tra-sua-tien-huong-nguyen-dinh-chieu|Café/Dessert|Quận 3|TP. HCM
Cơm Tấm Phúc Lộc Thọ - Đỗ Xuân Hợp|0938851161|2|https://www.foody.vn/ho-chi-minh/com-tam-phuc-loc-tho-do-xuan-hop|Quán ăn|Quận 9|TP. HCM
Little Chair Coffee - Huỳnh Văn Bánh|0902686705|51|https://www.foody.vn/ho-chi-minh/little-chair-coffee-huynh-van-banh|Café/Dessert|Quận Phú Nhuận|TP. HCM
King BBQ Buffet Song Hành||8|https://www.foody.vn/ho-chi-minh/king-bbq-buffet-song-hanh|Nhà hàng|Quận 2|TP. HCM
Starbucks Coffee - Phạm Hồng Thái|(08)38237952|481|https://www.foody.vn/ho-chi-minh/starbucks-pham-hong-thai|Café/Dessert|Quận 1|TP. HCM
Cao Lầu||2|https://www.foody.vn/ho-chi-minh/cao-lau|Quán ăn|Quận Tân Phú|TP. HCM
Trà Sữa Hoa Giấy|01295748021|2|https://www.foody.vn/ho-chi-minh/tra-sua-hoa-giay|Café/Dessert|Quận Tân Bình|TP. HCM
Phúc Long Coffee & Tea House - Trần Hưng Đạo||52|https://www.foody.vn/ho-chi-minh/phuc-long-cafe-takeaway-tran-hung-dao|Café/Dessert|Quận 5|TP. HCM
Bánh Bột Lọc Gói Lá Bảo Ngọc|0932128581, 0903524436|11|https://www.foody.vn/ho-chi-minh/banh-bot-loc-goi-la-bao-ngoc|Ăn vặt/vỉa hè|Quận 2|TP. HCM
Urban Station Coffee Takeway - Hoà Bình|(08)66832822|47|https://www.foody.vn/ho-chi-minh/urban-station-coffee-takeway-hoa-binh|Café/Dessert|Quận Tân Phú|TP. HCM
HCafe Production|(08)39325434, 0909550983|10|https://www.foody.vn/ho-chi-minh/hcafe-production|Café/Dessert|Quận 3|TP. HCM
Uncle Tea - Trà Đài Loan - Nguyễn Trãi|(08)66541584, (08)66541584|190|https://www.foody.vn/ho-chi-minh/uncle-tea-tra-dai-loan|Café/Dessert|Quận 5|TP. HCM
Tiến Hải Quán - Bún Đậu Mắm Tôm|0963853858|18|https://www.foody.vn/ho-chi-minh/tien-hai-quan-bun-dau-mam-tom|Quán ăn|Quận 10|TP. HCM
Mì Ý Double B|0903067494(MsVân), 0932636474(Mr.An)|510|https://www.foody.vn/ho-chi-minh/mi-y-double-b|Quán ăn|Quận 1|TP. HCM
Trà Sữa BiBimBin|0904822844|3|https://www.foody.vn/ho-chi-minh/tra-sua-bibimbin|Café/Dessert|Quận 1|TP. HCM
Ốc Tre Một - Ốc & Hải Sản||71|https://www.foody.vn/ho-chi-minh/oc-tre-mot-oc-hai-san|Quán ăn|Quận 10|TP. HCM
Uraetei BBQ - Phổ Đình - Trần Quốc Thảo|(08)66608578, 0902868381|33|https://www.foody.vn/ho-chi-minh/uraetei-bbq-pho-dinh-tran-quoc-thao|Nhà hàng|Quận 3|TP. HCM
Quán Chay Nguyệt Tâm|0968669669|2|https://www.foody.vn/ho-chi-minh/quan-chay-nguyet-tam|Ăn chay|Quận 5|TP. HCM
Bún Đậu Mắm Tôm A Chảnh - Hoàng Văn Thụ|0903319825|15|https://www.foody.vn/ho-chi-minh/bun-dau-mam-tom-a-chanh-hoang-van-thu|Quán ăn|Quận Tân Bình|TP. HCM
Phá Lấu Ngọc Thắm|01218848779|32|https://www.foody.vn/ho-chi-minh/pha-lau-ngoc-tham|Quán ăn|Quận 3|TP. HCM
Bún Đậu Hà Thành|0903130168, 0912258989|2|https://www.foody.vn/ho-chi-minh/bun-dau-ha-thanh|Quán ăn|Quận 1|TP. HCM
Gà Nướng Ò Ó O - Lê Văn Sỹ|1900636009|542|https://www.foody.vn/ho-chi-minh/ga-nuong-o-o-o-le-van-sy|Quán ăn|Quận 3|TP. HCM
Yaourt Phô Mai - Điện Biên Phủ - Shop Online|0909956757, 0969103231|1|https://www.foody.vn/ho-chi-minh/yaourt-pho-mai-dien-bien-phu-shop-online|Shop Online|Quận Bình Thạnh|TP. HCM
Rạn Biển 6 - Pasteur|(08)38250666|12|https://www.foody.vn/ho-chi-minh/ran-bien-6-nha-hang-hai-san|Nhà hàng|Quận 3|TP. HCM
Tàu Hủ Xe Lam - Phùng Văn Cung||214|https://www.foody.vn/ho-chi-minh/tau-hu-xe-lam|Ăn vặt/vỉa hè|Quận Phú Nhuận|TP. HCM
Quán Tre - Lẩu Tôm Càng||33|https://www.foody.vn/ho-chi-minh/quan-tre-lau-tom-cang|Quán ăn|Quận Bình Thạnh|TP. HCM
Gohan Cafe By Kacyo - Nhà Hàng Nhật Bản||2|https://www.foody.vn/ho-chi-minh/gohan-cafe-by-kacyo-nha-hang-nhat-ban|Nhà hàng|Quận 1|TP. HCM
Lan Ốc - Rạch Bùng Binh|0908697277, 0905285235|19|https://www.foody.vn/ho-chi-minh/lan-oc-rach-bung-binh|Ăn vặt/vỉa hè|Quận 3|TP. HCM
Kichi Kichi Lẩu Băng Chuyền - Phan Xích Long||169|https://www.foody.vn/ho-chi-minh/kichi-kichi-lau-bang-chuyen-phan-xich-long|Nhà hàng|Quận Phú Nhuận|TP. HCM
Tiến Phát - Điểm Tâm Hồng Kông|(08)38536217|137|https://www.foody.vn/ho-chi-minh/tien-phat-diem-tam-hong-kong|Quán ăn|Quận 5|TP. HCM
Bún Đậu Mắm Tôm Tú Uyên||41|https://www.foody.vn/ho-chi-minh/bun-dau-mam-tom-tu-uyen|Quán ăn,|Quận 10|TP. HCM
Hotpot Story - Cao Thắng|(08)39291379|101|https://www.foody.vn/ho-chi-minh/hotpot-story-cao-thang|Nhà hàng|Quận 3|TP. HCM
Lotteria - Lotte Mart Nam Sài Gòn||47|https://www.foody.vn/ho-chi-minh/lotteria-lotte-mart-nam-sai-gon|Nhà hàng|Quận 7|TP. HCM
X - Cute - Cafe & Trà Sữa||1|https://www.foody.vn/ho-chi-minh/x-cute-cafe-tra-sua|Café/Dessert|Quận 7|TP. HCM
The Sushi Bar - Thiên Quế - Lê Thánh Tôn|(08)38238042, (08)38244491|345|https://www.foody.vn/ho-chi-minh/sushibar-le-thanh-ton|Nhà hàng|Quận 1|TP. HCM
Poki Poki - Korean Restaurant - Hồ Tùng Mậu||102|https://www.foody.vn/ho-chi-minh/poki-grill-restaurant|Nhà hàng|Quận 1|TP. HCM
Bánh Trứng Gà Non Hong Kong|0906888136|14|https://www.foody.vn/ho-chi-minh/banh-trung-ga-non-hong-kong|Ăn vặt/vỉa hè|Quận 5|TP. HCM
East West Brewing Co|0913060728|15|https://www.foody.vn/ho-chi-minh/east-west-brewing-co|Nhà hàng|Quận 1|TP. HCM
Quán Bún 3 Miền Cô Hai|(08)22403568|5|https://www.foody.vn/ho-chi-minh/quan-bun-3-mien-co-hai|Quán ăn|Quận Thủ Đức|TP. HCM
Nhà Hàng Món Huế - Park View|18001111|68|https://www.foody.vn/ho-chi-minh/mon-hue-park-view|Nhà hàng|Quận 7|TP. HCM
Juice Ơi - Nước Ép Dinh Dưỡng|0902921282|18|https://www.foody.vn/ho-chi-minh/juice-oi-nuoc-ep-dinh-duong|Café/Dessert|Quận 3|TP. HCM
Bún & Cháo Vịt - Tự Cường||3|https://www.foody.vn/ho-chi-minh/bun-chao-vit-tu-cuong|Quán ăn|Quận Tân Bình|TP. HCM
Papa - Cafe & Hát Với Nhau||1|https://www.foody.vn/ho-chi-minh/papa-cafe-hat-voi-nhau|Café/Dessert,|Quận 3|TP. HCM
Bánh Ướt & Bún Mọc 43||1|https://www.foody.vn/ho-chi-minh/banh-uot-bun-moc|Quán ăn|Quận 3|TP. HCM
Quán 223 - Bánh Flan Thập Cẩm|(08)39237255, 0972988176|367|https://www.foody.vn/ho-chi-minh/quan-223-banh-flan-thap-cam|Ăn vặt/vỉa hè|Quận 5|TP. HCM
Gõ Thái Noodles - Mì Thái - Nguyễn Trãi|0902499057|92|https://www.foody.vn/ho-chi-minh/go-thai-noodles|Quán ăn|Quận 1|TP. HCM
X Coffee|(08)68229239|4|https://www.foody.vn/ho-chi-minh/x-coffee-tan-son|Café/Dessert|Quận Gò Vấp|TP. HCM
Bánh Canh Cua Út Lệ - Tô Hiến Thành|0918920290|206|https://www.foody.vn/ho-chi-minh/banh-canh-cua-to-hien-thanh|Quán ăn|Quận 10|TP. HCM
Quán 18M - Món Ngon Hà Nội|0983028280, 0916638448|94|https://www.foody.vn/ho-chi-minh/quan-18m-mon-ngon-ha-noi|Quán ăn|Quận Bình Thạnh|TP. HCM
Si Cafe|(08)39748941|1|https://www.foody.vn/ho-chi-minh/si-cafe|Café/Dessert|Quận Tân Bình|TP. HCM
Shabu X - Lẩu Nhanh Giá Mềm - Lê Văn Sỹ|(08)62906682|46|https://www.foody.vn/ho-chi-minh/shabu-x-lau-nhanh-gia-mem-le-van-sy|Nhà hàng|Quận 3|TP. HCM
Starbucks Coffee - TTTM RomeA|(08)39301092|5|https://www.foody.vn/ho-chi-minh/starbucks-coffee-tttm-romea|Café/Dessert|Quận 3|TP. HCM
Trà Bí Đao Chia Chia - Ông Ích Khiêm||1|https://www.foody.vn/ho-chi-minh/tra-bi-dao-chia-chia-ong-ich-khiem|Café/Dessert|Quận 11|TP. HCM
Phượng - Hủ Tiếu Nam Vang|0902575515|8|https://www.foody.vn/ho-chi-minh/phuong-hu-tieu-nam-vang|Quán ăn|Quận 5|TP. HCM
Hậu Tây - Bún Cá Châu Đốc|0941014079|2|https://www.foody.vn/ho-chi-minh/hau-tay-bun-ca-chau-doc|Quán ăn|Quận 7|TP. HCM
Quán Gà Cơ Bắp - Chuyên Các Món Gà|0937117192, 0915207992|290|https://www.foody.vn/ho-chi-minh/quan-ga-co-bap-chuyen-cac-mon-ga|Quán ăn|Quận 3|TP. HCM
Bánh Mì Chảo Ốp La Sườn & Nui Sườn - Đường Số 3A||5|https://www.foody.vn/ho-chi-minh/banh-mi-chao-op-la-suon-nui-suon-duong-so-3a|Ăn vặt/vỉa hè|Quận 11|TP. HCM
Chicken Oppa - Gà Chiên Đại Ca - Trần Hưng Đạo|(08)36201535|76|https://www.foody.vn/ho-chi-minh/chicken-oppa-ga-chien-dai-loan|Quán ăn|Quận 1|TP. HCM
Bánh Cuốn Nhớ - Lê Văn Sỹ|01683052525, (08)66575947|35|https://www.foody.vn/ho-chi-minh/banh-cuon-nho-le-van-sy|Quán ăn|Quận 3|TP. HCM
Hủ Tiếu Nam Vang Củ Chi||2|https://www.foody.vn/ho-chi-minh/hu-tieu-nam-vang-cu-chi|Quán ăn|Củ Chi|TP. HCM
Bánh Kếp Thái - Đường D2||1|https://www.foody.vn/ho-chi-minh/banh-kep-thai-duong-d2|Ăn vặt/vỉa hè|Quận Bình Thạnh|TP. HCM
Amasvin Bubble Tea|(08)22405060|192|https://www.foody.vn/ho-chi-minh/amasvin-bubble-tea|Café/Dessert|Quận 1|TP. HCM
Hanuri - Quán Ăn Hàn Quốc - Điện Biên Phủ|(08)38800060|80|https://www.foody.vn/ho-chi-minh/hanuri-quan-an-han-quoc-dien-bien-phu|Quán ăn|Quận 3|TP. HCM
Nhà Hàng Phố 32|0977911119|1|https://www.foody.vn/ho-chi-minh/nha-hang-pho-32|Nhà hàng|Quận 3|TP. HCM
Phúc Long Coffee & Tea House - Nguyễn Thị Minh Khai||27|https://www.foody.vn/ho-chi-minh/phuc-long-coffee-tea-house-nguyen-thi-minh-khai|Café/Dessert|Quận 1|TP. HCM
Cyclo Coffee & Ice Cream|0937316033|1|https://www.foody.vn/ho-chi-minh/cyclo-coffee-ice-cream-cach-mang-thang-8|Café/Dessert|Quận 1|TP. HCM
Fuji Japanese Restaurant 富士 - Nikko Saigon Hotel|(08)38308123|35|https://www.foody.vn/ho-chi-minh/fuji-teppanyaki-sushi|Sang trọng,|Quận 1|TP. HCM
Yelo Tea|(08)35127316|53|https://www.foody.vn/ho-chi-minh/yelo-tea|Café/Dessert|Quận Bình Thạnh|TP. HCM
T' Coffee - Tô Hiệu|0964627117|5|https://www.foody.vn/ho-chi-minh/t-coffee-to-hieu|Café/Dessert|Quận Tân Phú|TP. HCM
Juice Time - Trà Đào & Trà Sữa Macchiato|0903744718|236|https://www.foody.vn/ho-chi-minh/juice-time-tra-dao-tra-sua-macchiato|Ăn vặt/vỉa hè|Quận 5|TP. HCM
Phở Hai Thiền - Bùi Viện|(08)62711201, (08)38361337|139|https://www.foody.vn/ho-chi-minh/pho-hai-thien|Quán ăn|Quận 1|TP. HCM
Ding Tea - Thành Thái|(08)38682969|74|https://www.foody.vn/ho-chi-minh/ding-tea-thanh-thai|Café/Dessert|Quận 10|TP. HCM
Phan Rang Quán - Đặc Sản Miền Trung||7|https://www.foody.vn/ho-chi-minh/phan-rang-quan-dac-san-mien-trung|Quán ăn|Quận 10|TP. HCM
Hanuri - Quán Ăn Hàn Quốc - Xô Viết Nghệ Tĩnh|19002042|423|https://www.foody.vn/ho-chi-minh/hanuri-quan-an-han-quoc-xo-viet-nghe-tinh|Quán ăn|Quận Bình Thạnh|TP. HCM
Sunrise Coffee - Trần Quốc Thảo|0946659999|3|https://www.foody.vn/ho-chi-minh/sunrise-coffee-tran-quoc-thao|Café/Dessert|Quận 3|TP. HCM
Trà Sữa Bobapop - Quang Trung|(08)62890776|77|https://www.foody.vn/ho-chi-minh/tra-sua-bobapop-quang-trung|Café/Dessert|Quận Gò Vấp|TP. HCM
Day Day Drink - Trà Sữa Đài Loan|0931808978|5|https://www.foody.vn/ho-chi-minh/day-day-drink|Café/Dessert|Quận 3|TP. HCM
Urban Tea House|0918486116|22|https://www.foody.vn/ho-chi-minh/urban-tea-house|Café/Dessert|Quận 10|TP. HCM
Beefsteak Lục Nguyên - Trần Hưng Đạo|(08)62610491|32|https://www.foody.vn/ho-chi-minh/beefsteak-luc-nguyen-tran-hung-dao|Quán ăn|Quận 5|TP. HCM
Hủ Tiếu Mì Thập Cẩm - Mì Cật|(08)38272108|64|https://www.foody.vn/ho-chi-minh/mi-cat-truong-dinh|Quán ăn|Quận 1|TP. HCM
Tư Thủy - Mì Hến - Tôn Thất Thuyết|0906502269|99|https://www.foody.vn/ho-chi-minh/tu-thuy-mi-hen|Ăn vặt/vỉa hè|Quận 4|TP. HCM
Gà Rán Popeyes - Đường D2||99|https://www.foody.vn/ho-chi-minh/ga-ran-popeyes-duong-d2|Nhà hàng|Quận Bình Thạnh|TP. HCM
Chè Nhà Đèn - Chè Người Hoa Khu Đèn Năm Ngọn||53|https://www.foody.vn/ho-chi-minh/che-nha-den-che-nguoi-hoa-khu-den-nam-ngon|Quán ăn|Quận 5|TP. HCM
Kichi Kichi Lẩu Băng Chuyền - Saigon Centre|(08)38218938|23|https://www.foody.vn/ho-chi-minh/kichi-kichi-lau-bang-chuyen-saigon-centre|Nhà hàng|Quận 1|TP. HCM
Phở 99 - Nguyễn Trãi|(08)71066682|31|https://www.foody.vn/ho-chi-minh/nha-hang-pho-99|Nhà hàng|Quận 1|TP. HCM
Seol Hwa - Bingsu Sữa Bào Tuyết Hoa - Phan Xích Long|(08)35176288|57|https://www.foody.vn/ho-chi-minh/seol-hwa-bingsu-sua-bao-tuyet-hoa-phan-xich-long|Café/Dessert|Quận Phú Nhuận|TP. HCM
Bánh Flan Quen Mà Lạ||58|https://www.foody.vn/ho-chi-minh/banh-flan-quen-ma-la|Ăn vặt/vỉa hè|Quận 6|TP. HCM
Green Coffee - Bean & Leaf|0901026126|6|https://www.foody.vn/ho-chi-minh/green-coffee-bean-leaf|Café/Dessert|Quận 1|TP. HCM
Hi Salad Restaurant|(08)38218117|13|https://www.foody.vn/ho-chi-minh/hi-salad-restaurant|Nhà hàng|Quận 1|TP. HCM
Lẩu Băng Chuyền Osaka1 - Nguyễn Hồng Đào||21|https://www.foody.vn/ho-chi-minh/lau-bang-chuyen-osaka1-nguyen-hong-dao|Nhà hàng|Quận Tân Bình|TP. HCM
MNS ICE SNOW - Đá Bào Mật Trái Cây Rừng - Quang Trung||41|https://www.foody.vn/ho-chi-minh/da-bao-mat-trai-cay-quang-trung|Ăn vặt/vỉa hè|Quận Gò Vấp|TP. HCM
Tôn Cafe - Acoustic||76|https://www.foody.vn/ho-chi-minh/ton-cafe|Nhà hàng,|Quận 10|TP. HCM
Bánh Khoai Mỡ - Trần Văn Mười|0969036610|2|https://www.foody.vn/ho-chi-minh/banh-khoai-mo|Ăn vặt/vỉa hè|Hóc Môn|TP. HCM
Ốc Cẩm - Tân Mỹ|0905895687|27|https://www.foody.vn/ho-chi-minh/oc-cam-tan-my|Ăn vặt/vỉa hè|Quận 7|TP. HCM
Bánh Mì Chảo & Món Ngon Hoa Việt - Quán Cô 3 Hậu|0937835808|86|https://www.foody.vn/ho-chi-minh/banh-mi-chao-mon-ngon-hoa-viet-quan-co-3-hau|Quán ăn|Quận Gò Vấp|TP. HCM
Bún Đậu Hẻm|0906697117|6|https://www.foody.vn/ho-chi-minh/bun-dau-hem|Quán ăn|Quận Tân Bình|TP. HCM
Bún Chả Cá Quy Nhơn|0975306040|4|https://www.foody.vn/ho-chi-minh/bun-cha-ca-quy-nhon-doan-van-bo|Quán ăn|Quận 4|TP. HCM
Tano Sushi - Phan Xích Long|(08)35176574|216|https://www.foody.vn/ho-chi-minh/tano-sushi-3-phan-xich-long|Nhà hàng|Quận Phú Nhuận|TP. HCM
Trà Sữa Bobapop - Cao Thắng|(08)62933510|203|https://www.foody.vn/ho-chi-minh/tra-sua-bobapop-cao-thang|Café/Dessert|Quận 10|TP. HCM
The Little Love - Ẩm Thực Hàn Thái Nhật|0909411539|15|https://www.foody.vn/ho-chi-minh/the-little-love-am-thuc-han-thai-nhat|Nhà hàng|Hóc Môn|TP. HCM
Bún Riêu & Canh Bún - Đông Du||4|https://www.foody.vn/ho-chi-minh/bun-rieu-canh-bun-dong-du|Quán ăn|Quận 1|TP. HCM
Uraetei BBQ - Phổ Đình - AEON Mall|(08)66816376, 0968266644|83|https://www.foody.vn/ho-chi-minh/uraetei-pho-dinh-aeon-mall|Nhà hàng|Quận Tân Phú|TP. HCM
Trà Sữa Rakkhun|0908216176|2|https://www.foody.vn/ho-chi-minh/tra-sua-rakkhun|Ăn vặt/vỉa hè|Quận 3|TP. HCM
Marukame Udon - Udon & Tempura - Lý Tự Trọng|0862702999|586|https://www.foody.vn/ho-chi-minh/marukame-udon-udon-tempura|Nhà hàng|Quận 1|TP. HCM
Loft Cafe - Lý Tự Trọng|0901840901, (08)66825082|182|https://www.foody.vn/ho-chi-minh/loft-cafe|Café/Dessert|Quận 1|TP. HCM
Trà Sữa Cuộc Sống Dễ Dàng - Nguyễn Thị Minh Khai|(08)36017215|83|https://www.foody.vn/ho-chi-minh/tra-sua-cuoc-song-de-dang-nguyen-thi-minh-khai|Café/Dessert|Quận 1|TP. HCM
Hoa Sơn Tửu Lầu - Nguyễn Thị Nhỏ|(08)62652388, 0934137037|31|https://www.foody.vn/ho-chi-minh/hoa-son-tuu-lau-nguyen-thi-nho|Quán nhậu|Quận 11|TP. HCM
Bánh Sữa Pate Chiên Trứng||30|https://www.foody.vn/ho-chi-minh/banh-sua-pate-chien-trung|Ăn vặt/vỉa hè|Quận 6|TP. HCM
Lẩu Dê Minh Tuấn 2||1|https://www.foody.vn/ho-chi-minh/lau-de-minh-tuan-2|Quán nhậu|Quận Tân Phú|TP. HCM
Thầy Y - Bún Bò & Bánh Canh|(08)66522288‎|20|https://www.foody.vn/ho-chi-minh/thay-y-bun-bo-banh-canh|Quán ăn|Quận 3|TP. HCM
Papaxốt - Đường D2||56|https://www.foody.vn/ho-chi-minh/papaxot-duong-d2|Nhà hàng|Quận Bình Thạnh|TP. HCM
Cơm Quê Mười Khó|0901202727|16|https://www.foody.vn/ho-chi-minh/com-que-muoi-kho|Quán ăn|Quận 3|TP. HCM
Cake Craft Bakery|(028).66800705, 0962159860|0|https://www.foody.vn/ho-chi-minh/cake-craft-bakery|Tiệm bánh|Quận 7|TP. HCM
Sushi 79||21|https://www.foody.vn/ho-chi-minh/sushi-79-chung-cu-nguyen-hue|Quán ăn|Quận 1|TP. HCM
Nhà Hàng Vườn Quê - Trần Quốc Toản|(08)38202642, 01236666070|13|https://www.foody.vn/ho-chi-minh/nha-hang-vuon-que-chi-nhanh-2|Nhà hàng|Quận 3|TP. HCM
My Life Cafe - Lê Duẩn|(08)38256756|19|https://www.foody.vn/ho-chi-minh/my-life-cafe-le-duan|Café/Dessert|Quận 1|TP. HCM
Cộng Caphe - Vincom Đồng Khởi||14|https://www.foody.vn/ho-chi-minh/cong-caphe-vincom-dong-khoi|Café/Dessert|Quận 1|TP. HCM
Bún Đậu Thị Hến|01208928299|1|https://www.foody.vn/ho-chi-minh/bun-dau-thi-hen|Quán ăn|Quận Bình Tân|TP. HCM
Bún Bò Huế Trường Tiền|(08)35141912, 0923777979|8|https://www.foody.vn/ho-chi-minh/bun-bo-hue-truong-tien|Quán ăn|Quận Bình Thạnh|TP. HCM
Sukiya - Cơm Bò Hầm & Mì Ramen - Pasteur|01203059743|4|https://www.foody.vn/ho-chi-minh/sukiya-com-bo-ham-mi-ramen-pasteur|Nhà hàng|Quận 3|TP. HCM
Say Cheese - Tiệm Bánh Online|0942373878, 0909140908|21|https://www.foody.vn/ho-chi-minh/say-cheese-tiem-banh-online|Shop Online|Quận Tân Bình|TP. HCM
Bò Né 3 Ngon||2|https://www.foody.vn/ho-chi-minh/bo-ne-3-ngon-le-duc-tho|Quán ăn|Quận Gò Vấp|TP. HCM
99 Juice - Nước Ép Trái Cây||1|https://www.foody.vn/ho-chi-minh/99-juice-nuoc-ep-trai-cay|Khu Ẩm Thực|Quận 5|TP. HCM
Gogi House - Quán Nướng Hàn Quốc - Saigon Superbowl|(08)38485180|158|https://www.foody.vn/ho-chi-minh/gogi-house-quan-nuong-han-quoc-saigon-superbowl|Nhà hàng|Quận Tân Bình|TP. HCM
Chợ An - Tòa Nhà RuNam||17|https://www.foody.vn/ho-chi-minh/cho-an-toa-nha-runam|Quán ăn,|Quận 1|TP. HCM
Khanh Casa Tea House - Đồng Khởi||187|https://www.foody.vn/ho-chi-minh/khanh-casa-tea-house|Café/Dessert|Quận 1|TP. HCM
Ngọc Châu Garden - Home Cooked Vietnamese Restaurant|19002042, (08)66873838|13|https://www.foody.vn/ho-chi-minh/ngoc-chau-garden-restaurant|Nhà hàng|Quận 1|TP. HCM
Pizza 4P’s - Pizza Kiểu Nhật - Lê Thánh Tôn||874|https://www.foody.vn/ho-chi-minh/pizza-4p-s-pizza-kieu-nhat-le-thanh-ton|Nhà hàng|Quận 1|TP. HCM
Lẩu Mắm 140|(08)38444484|11|https://www.foody.vn/ho-chi-minh/lau-mam-140|Quán ăn|Quận Phú Nhuận|TP. HCM
Mì Lạnh Yoo Chun|(08)54124702|22|https://www.foody.vn/ho-chi-minh/mi-lanh-yoochun|Quán ăn|Quận 7|TP. HCM
Highlands Coffee - Pearl Plaza|(08)35106688|39|https://www.foody.vn/ho-chi-minh/highlands-coffee-pearl-plaza|Café/Dessert|Quận Bình Thạnh|TP. HCM
Rico Taco - Mexican Restaurant|(08)39300233|92|https://www.foody.vn/ho-chi-minh/rico-taco-mexican-restaurant|Nhà hàng|Quận 3|TP. HCM
Mai Trúc - Trái Cây Tô & Phá Lấu||208|https://www.foody.vn/ho-chi-minh/trai-cay-to-to-hien-thanh|Ăn vặt/vỉa hè|Quận 10|TP. HCM
Sumo BBQ - Phan Xích Long - Buffet Nướng & Lẩu|(08)35174440|186|https://www.foody.vn/ho-chi-minh/sumo-bbq-phan-xich-long|Nhà hàng,|Quận Phú Nhuận|TP. HCM
Trà Sữa Bobapop - Làng Đại Học|0986625101|8|https://www.foody.vn/ho-chi-minh/tra-sua-bobapop-lang-dai-hoc|Café/Dessert|Quận Thủ Đức|TP. HCM
Marukame Udon - Udon & Tempura - AEON Mall Bình Tân||31|https://www.foody.vn/ho-chi-minh/marukame-udon-udon-tempura-aeon-mall-binh-tan|Nhà hàng|Quận Bình Tân|TP. HCM
Bún Đậu Tre|0932008032|16|https://www.foody.vn/ho-chi-minh/bun-dau-tre|Quán ăn|Quận Tân Bình|TP. HCM
Lẩu Bò Hồ Bá Kiện|0913656824|58|https://www.foody.vn/ho-chi-minh/lau-bo-ho-ba-kien|Quán ăn|Quận 10|TP. HCM
The Coffee House - Hồng Hà||19|https://www.foody.vn/ho-chi-minh/the-coffee-house-hong-ha|Café/Dessert|Quận Tân Bình|TP. HCM
Lẩu Cá 44 - Đường A2||9|https://www.foody.vn/ho-chi-minh/lau-ca-44-lang-dai-hoc-thu-duc|Quán ăn|Quận Thủ Đức|TP. HCM
BBQ Song Wol - Ẩm Thực Hàn Quốc||6|https://www.foody.vn/ho-chi-minh/nha-hang-han-quoc-bbq-song-wol|Nhà hàng|Quận 7|TP. HCM
Bếp Bắc - Các Món Ăn Gia Đình Truyền Thống|0937728354|2|https://www.foody.vn/ho-chi-minh/nha-hang-bep-bac-nam-ky-khoi-nghia|Nhà hàng|Quận 1|TP. HCM
Meat & Meet Korean BBQ Container|(08)66503355|82|https://www.foody.vn/ho-chi-minh/meat-meet-bbq-container|Nhà hàng|Quận 1|TP. HCM
Don Chicken - Chicken & Pub - Hồ Tùng Mậu|(08)73012468, 0935627402, 0964058295, (08)66819641(ưutiêngọi)|399|https://www.foody.vn/ho-chi-minh/don-chicken-chicken-pub|Nhà hàng|Quận 1|TP. HCM
ViEn Cafe||2|https://www.foody.vn/ho-chi-minh/vien-cafe|Café/Dessert|Quận 5|TP. HCM
Sumo BBQ - SC VivoCity - Buffet Nướng & Lẩu|19006622, 0932010936, (08)37753462|84|https://www.foody.vn/ho-chi-minh/sumo-bbq-buffet-nuong-lau-sc-vivocity|Buffet|Quận 7|TP. HCM
Baby Spoon - Phan Chu Trinh|(08)38223356|177|https://www.foody.vn/ho-chi-minh/baby-spoon|Nhà hàng|Quận 1|TP. HCM
Quán Khói - Xiên Que Lẩu Nhúng & Món Nướng|0909992773|104|https://www.foody.vn/ho-chi-minh/quan-khoi-xien-que-lau-nhung-mon-nuong|Quán ăn|Quận 4|TP. HCM
Coco Thai - Kem Xôi Dừa|0934223074|9|https://www.foody.vn/ho-chi-minh/coco-thai-kem-xoi-dua|Café/Dessert|Quận 5|TP. HCM
The Lady Grey - Coffee & Tea Room|0898698348|30|https://www.foody.vn/ho-chi-minh/the-lady-grey-coffee-tea-room|Café/Dessert|Quận 1|TP. HCM
Phở Ngũ Vị - Bò Kho Nước Thốt Nốt - Trần Văn Hoàng|0909117107, 0908167966|71|https://www.foody.vn/ho-chi-minh/pho-ngu-vi-bo-kho-nuoc-thot-not|Quán ăn|Quận Tân Bình|TP. HCM
Cô Ba - Bánh Bột Lọc & Bánh Nậm||2|https://www.foody.vn/ho-chi-minh/co-ba-banh-bot-loc-banh-nam|Ăn vặt/vỉa hè|Quận Bình Thạnh|TP. HCM
Nhi Nhi Quán - Đặc Sản Phan Rang|01653789757|192|https://www.foody.vn/ho-chi-minh/nhi-nhi-quan-dac-san-phan-rang|Ăn vặt/vỉa hè|Quận Gò Vấp|TP. HCM
The Coffee House - Hoàng Hoa Thám||28|https://www.foody.vn/ho-chi-minh/the-coffee-house-hoang-hoa-tham|Café/Dessert|Quận Tân Bình|TP. HCM
Bánh Khọt Thùy Lê||2|https://www.foody.vn/ho-chi-minh/banh-khot-thuy-le|Ăn vặt/vỉa hè|Quận 10|TP. HCM
Chay Phù Trúc - Coffee & Vegetarian|0868614245|12|https://www.foody.vn/ho-chi-minh/nha-hang-chay-phu-truc-coffee-vegetarian|Ăn chay|Quận 10|TP. HCM
Phoenix Beer Club|(08)36220079|6|https://www.foody.vn/ho-chi-minh/phoenix-beer-club|Beer club|Quận Bình Tân|TP. HCM
Trà Sữa Bòn Bon - Dương Đình Nghệ|0932160580|21|https://www.foody.vn/ho-chi-minh/tra-sua-bon-bon-1-duong-dinh-nghe|Ăn vặt/vỉa hè|Quận 11|TP. HCM
Feel Coffee & Tea Express - Đại Học Nông Lâm|0974020790|7|https://www.foody.vn/ho-chi-minh/feel-coffee-tea-express-dai-hoc-nong-lam|Café/Dessert|Quận Thủ Đức|TP. HCM
SaSin - Mì Cay 7 Cấp Độ Hàn Quốc - Làng Đại Học|0902002889|5|https://www.foody.vn/ho-chi-minh/sasin-mi-cay-7-cap-do-han-quoc-lang-dai-hoc|Quán ăn|Quận Thủ Đức|TP. HCM
Starbucks Coffee - Kumho Asiana|(08)38234990|78|https://www.foody.vn/ho-chi-minh/starbucks-coffee-kumho-asiana|Café/Dessert|Quận 1|TP. HCM
Beefsteak Củ Hành Tây - Sư Vạn Hạnh||179|https://www.foody.vn/ho-chi-minh/beefsteak-cu-hanh-tay-su-van-hanh|Quán ăn|Quận 10|TP. HCM
Minh Anh - Quán Mì Cay|0908357918|5|https://www.foody.vn/ho-chi-minh/minh-anh-quan-mi-cay|Quán ăn|Quận Gò Vấp|TP. HCM